Model,Fold,R2,MAE,RMSE
XGBoost,1,0.9379499373427076,0.014048279520049327,0.03003831794636815
XGBoost,2,0.9411109167631786,0.014030379845727754,0.030551873751607606
XGBoost,3,0.935627283103252,0.013168424099098082,0.030637452842679432
XGBoost,4,0.9546731567961325,0.012491969048840732,0.025861862825733616
XGBoost,5,0.9502099718877233,0.012993855437870789,0.027882267110756177
Random Forest,1,0.8643790029386993,0.022053958693469614,0.044408690193505636
Random Forest,2,0.902186933682521,0.020240714152627008,0.0393748480548751
Random Forest,3,0.8992266767963767,0.019887682743411773,0.038333151577999415
Random Forest,4,0.9154585291168992,0.018618698845714397,0.03531969680611425
Random Forest,5,0.9074700819585922,0.019804057623415704,0.03801001022263175
